Cluster,Cost
0,509.2105263157895
1,1310.7142857142858
2,626.5625
3,1442.1052631578948
